PATH;SCHEMA
./0a72252/02f6e5.csv;I,D
./0a72252/cbd82c.csv;U,M,Q,Y,O,S,B
./0a72252/516a77.csv;M,R,U,O
./0a72252/8301f9.csv;U,O,R,M,E,Y,H,W
./e2a6621/ca33bb4/1e3f742/a5a174a/ee5dbd3/1819803/baa2578/78c5a8.csv;E,C,I
./e2a6621/ca33bb4/1e3f742/a5a174a/ee5dbd3/1819803/baa2578/1c9beb.csv;D,I,O,V,J,B
./c92f9be/5dd51ea/340782.csv;U,O,R,M
./c92f9be/5dd51ea/50d8f1.csv;A,Q,X,J
./c92f9be/5dd51ea/547429.csv;H,L,F,D,P,S
./c92f9be/5dd51ea/08113f.csv;W,T,G
./c92f9be/5dd51ea/4fe07e.csv;A,Q,X,J
./c92f9be/5dd51ea/4a92a4.csv;Q,C,P,X,T,U
./cbbf73a/24dcf9a/3e92152/0baf728/d9565e.csv;I,D,J,E,O,B
./cbbf73a/24dcf9a/3e92152/0baf728/344164.csv;I,E,C
./cbbf73a/24dcf9a/3e92152/0baf728/694b78.csv;N,K,M,F
./cbbf73a/24dcf9a/3e92152/0baf728/f3b195.csv;K,N,I,L,P
./cbbf73a/24dcf9a/3e92152/0baf728/09b31d.csv;G,G,J,B
./cbbf73a/24dcf9a/3e92152/0baf728/05fce3.csv;P,W,L,J,S
./cbbf73a/24dcf9a/3e92152/0baf728/71de9f.csv;P,J,T,W,N,G,T
./8247db5/e3b9046/67f9e90/a17324b/ea2f48b/020daf.csv;Q,X,Z,I,C
./07c3f49/75f999f/9685a7.csv;D,I,R,M,A,O
./07c3f49/75f999f/fd18f2.csv;Q,C
./07c3f49/75f999f/6a7fe0.csv;H,L
./07c3f49/75f999f/49ff7a.csv;F,Y,C,T,G,W,N,P,F
./07c3f49/75f999f/0b1994.csv;D,L,Q,T,H,W
./07c3f49/75f999f/853a4f.csv;H,J,A,X,I,Q,B
./44de747/c61450.csv;G,F,Q,S,C
./44de747/27face.csv;U,M,R,O,M,S,H
./44de747/ca2edc.csv;D,Q,A,H,W,J
./44de747/a587fe.csv;L,E,H,W,G,Y,D
./44de747/ce6cfb.csv;J,G,K,U,N
./44de747/c68977.csv;G,C,B,L
./44de747/fcd98d.csv;W,T,G
./44de747/987023.csv;Q,C,O,E
./44de747/e718a6.csv;J,A,Q,X,I,C,Y,A
./44de747/a5ec08.csv;L,G,G,C
./4d83bbb/96be916/8d325eb/eb4d92e/d29e549/867f02b/54f0dc.csv;U,R,G,O,L,M,P
./4d83bbb/96be916/8d325eb/eb4d92e/d29e549/867f02b/eefc00.csv;D,I,O,P
./4d83bbb/96be916/8d325eb/eb4d92e/d29e549/867f02b/102e5b.csv;I,D
./4d83bbb/96be916/8d325eb/eb4d92e/d29e549/867f02b/8dbfd9.csv;Q,N,P,Y,J
./4d83bbb/96be916/8d325eb/eb4d92e/d29e549/867f02b/b2a7e2.csv;P,J,N,Y,Q
./076fbb8/c412d86/42624dc/330982a/a4f5d6c/5c6ab5.csv;J,G
./076fbb8/c412d86/42624dc/330982a/a4f5d6c/85a3a5.csv;G,X,T,A,J
./aa04717/4528ae8/9061608/25ad2b2/49c4c48/1907332/ba1f8a.csv;J,A,S,P,X,E,C
./aa04717/4528ae8/9061608/25ad2b2/49c4c48/1907332/b66eab.csv;D,H,Y,W,L
./aa9845d/bba052e/d58c237/54e5a80/95c947c/c2f14d3/2750cd2/bc4a053/cb5d5b.csv;Y,X,F,O,U,S,G,P
./f48cfbe/3be88c0/e310fd8/39cc8ff/3148d0.csv;X,J,Q,A
./f48cfbe/3be88c0/e310fd8/39cc8ff/b29be7.csv;
./f48cfbe/3be88c0/e310fd8/39cc8ff/6004d3.csv;J,L,W,P,S
./555560b/3c770d4/48a6857/33169c7/6aabd0e/fb84f7.csv;A,J,Q,X
./555560b/3c770d4/48a6857/33169c7/6aabd0e/e90186.csv;P,L,W,S,J
./555560b/3c770d4/48a6857/33169c7/6aabd0e/ce404f.csv;S,Y,U,O
./555560b/3c770d4/48a6857/33169c7/6aabd0e/0aa830.csv;E,C,I,P,L
./a28c1a3/818a4f6/7ab5783/db8f4c4/fb5ce19/c8debd4/76bc3b3/6099fc1/9949c3.csv;O,Q,K,C,F,B
./a28c1a3/818a4f6/7ab5783/db8f4c4/fb5ce19/c8debd4/76bc3b3/6099fc1/68cd92.csv;N,N,P,R,Y
./a28c1a3/818a4f6/7ab5783/db8f4c4/fb5ce19/c8debd4/76bc3b3/6099fc1/3c7cd6.csv;N,P
./a28c1a3/818a4f6/7ab5783/db8f4c4/fb5ce19/c8debd4/76bc3b3/6099fc1/424886.csv;G,J,N,S,R,M
./a28c1a3/818a4f6/7ab5783/db8f4c4/fb5ce19/c8debd4/76bc3b3/6099fc1/91d0de.csv;H,L
./a28c1a3/818a4f6/7ab5783/db8f4c4/fb5ce19/c8debd4/76bc3b3/6099fc1/783f56.csv;N,K,Z,O,L
./a28c1a3/818a4f6/7ab5783/db8f4c4/fb5ce19/c8debd4/76bc3b3/6099fc1/dac320.csv;
./a28c1a3/818a4f6/7ab5783/db8f4c4/fb5ce19/c8debd4/76bc3b3/6099fc1/3dc0fd.csv;N,K
./a28c1a3/818a4f6/7ab5783/db8f4c4/fb5ce19/c8debd4/76bc3b3/6099fc1/507925.csv;L,P,Z,N
./a28c1a3/818a4f6/7ab5783/db8f4c4/fb5ce19/c8debd4/76bc3b3/6099fc1/086f0f.csv;H,H,J,L
./a28c1a3/818a4f6/7ab5783/db8f4c4/fb5ce19/c8debd4/76bc3b3/6099fc1/62a5ee.csv;V,O,P,B,N,T
./a28c1a3/818a4f6/7ab5783/db8f4c4/fb5ce19/c8debd4/76bc3b3/6099fc1/1f75a1.csv;J,G
./a28c1a3/818a4f6/7ab5783/db8f4c4/fb5ce19/c8debd4/76bc3b3/6099fc1/428e62.csv;N,Q,Y,J,P
./a28c1a3/818a4f6/7ab5783/db8f4c4/fb5ce19/c8debd4/76bc3b3/6099fc1/00e41b.csv;C,Q,J,T,U,I
./a28c1a3/818a4f6/7ab5783/db8f4c4/fb5ce19/c8debd4/76bc3b3/6099fc1/81f9bc.csv;T,G,W,R,Z
./a28c1a3/818a4f6/7ab5783/db8f4c4/fb5ce19/c8debd4/76bc3b3/6099fc1/3ea189.csv;D,L,Y,W,H
./a28c1a3/818a4f6/7ab5783/db8f4c4/fb5ce19/c8debd4/76bc3b3/6099fc1/2476fb.csv;G,C
./a28c1a3/818a4f6/7ab5783/db8f4c4/fb5ce19/c8debd4/76bc3b3/6099fc1/fc42e2.csv;N,P
./6b71674/601251e/dcbb5a.csv;Y,L,T,M,N,A,I,M
./6b71674/601251e/1c2de3.csv;L,J,G,S,W,U,P
./edcd017/7b17f59/9a3e5cb/43acbb6/9902928/81a771e/181be4.csv;
./edcd017/7b17f59/9a3e5cb/43acbb6/9902928/81a771e/66645a.csv;Y,J,P,B,W,N,Q
./edcd017/7b17f59/9a3e5cb/43acbb6/9902928/81a771e/acc591.csv;D,I
./cc0fabd/69d7e6a/6f54591/9efab6.csv;G,C
./cc0fabd/69d7e6a/6f54591/ec6c0d.csv;M,C,G,S
./cc0fabd/69d7e6a/6f54591/28e259.csv;G,C
./cc0fabd/69d7e6a/6f54591/3779fd.csv;T,G,W,X,E,B
./cc0fabd/69d7e6a/6f54591/102381.csv;Y,G,L,C,N,A
./cc0fabd/69d7e6a/6f54591/d48195.csv;E,C,I,V,Y,O
./cc0fabd/69d7e6a/6f54591/681034.csv;G,J
./cc0fabd/69d7e6a/6f54591/89f06a.csv;M,R,U,O,I,D,K
./373a922/d1ab7a6/e93eed9/1ec5d6c/99b0ca9/6cc4a4.csv;M,N,Y,L,A
./dffac15/2d81b87/811ddb0/31b778.csv;E,I,C,D,A,O
./dffac15/2d81b87/811ddb0/5a8989.csv;L,W,Y,H,D
./dffac15/2d81b87/811ddb0/a8d89b.csv;T,W,G,Z,N,B,U
./dffac15/2d81b87/811ddb0/3fa272.csv;P,J,N,Y,Q,X,Y,E,D
./d331ef9/fa36e5f/4fcee7.csv;F,G,Y,T,C,D,P,L
./d331ef9/fa36e5f/3c2a66.csv;S,Y,O,U,O,D,Z
./d331ef9/fa36e5f/bcf69c.csv;T,E,N,K
./4e6d862/1eec1aa/d16d1c3/9571b1.csv;R,M,O,U
./4e6d862/1eec1aa/d16d1c3/330e98.csv;Z,X,C,Q,I,J,E
./4e6d862/1eec1aa/d16d1c3/cb46b5.csv;I,D
./4e6d862/1eec1aa/d16d1c3/ef79bb.csv;L,Y,M,Q,A,P,N
./4e6d862/1eec1aa/d16d1c3/8ac73a.csv;P,S,X,A,E,C,A
./4e6d862/1eec1aa/d16d1c3/2114b2.csv;I,W,D,V,M,C
./4e6d862/1eec1aa/d16d1c3/d7b28d.csv;
./4e6d862/1eec1aa/d16d1c3/f9ad10.csv;I,E,C,T,K
./4e6d862/1eec1aa/d16d1c3/e70d79.csv;L,Y,M,A,N
./8607ce2/216bef8/197353a/19da78e/c0a703.csv;A,E,P,S,X
./8607ce2/216bef8/197353a/19da78e/5ed41e.csv;P,J,W,L,S
./8607ce2/216bef8/197353a/19da78e/a410da.csv;M,K,U,O,R,H,O
./8607ce2/216bef8/197353a/19da78e/faf6ba.csv;X,P,S,A,E
./8607ce2/216bef8/197353a/19da78e/3b5c9c.csv;
./8607ce2/216bef8/197353a/19da78e/a12c22.csv;N,K
./8607ce2/216bef8/197353a/19da78e/91435b.csv;A,X,J,Q
./8607ce2/216bef8/197353a/19da78e/b53002.csv;P,Q,N,Y,J
./f8a24de/4c16f8.csv;Y,L,D,H,W
./f8a24de/a72808.csv;N,M,A,Y,L,Z,T,H,B
./514e48f/c3d845e/814fe55/b36220c/b85bb8c/2c0ec7.csv;E,I,C
./514e48f/c3d845e/814fe55/b36220c/b85bb8c/b8c912.csv;O,S,Y,U
./7b58069/1de7522/7c6c6b8/8fa9400/784f408/40f9d49/411f999/43ec87.csv;H,L
./7b58069/1de7522/7c6c6b8/8fa9400/784f408/40f9d49/411f999/4fcaa0.csv;N,X,L,Y,Y,P,Q,J
./7b58069/1de7522/7c6c6b8/8fa9400/784f408/40f9d49/411f999/82ea59.csv;X,J,Q,A
./7b58069/1de7522/7c6c6b8/8fa9400/784f408/40f9d49/411f999/589518.csv;C,G
./7b58069/1de7522/7c6c6b8/8fa9400/784f408/40f9d49/411f999/46be51.csv;G,C
./38b8e6a/1167a1.csv;R,M,O,U,M,X
./38b8e6a/48bbd2.csv;E,I,C,J,D
./38b8e6a/558795.csv;O,Y,S,U
./38b8e6a/9a3768.csv;M,A,Y,L,N
./38b8e6a/2fa8a3.csv;T,Y,R,F,O,G,C,A
./3c224e4/78fb9ab/6b386d5/21e720e/100cefa/ceb6b70/19965a6/030258.csv;Y,S,U,O
./3c224e4/78fb9ab/6b386d5/21e720e/100cefa/ceb6b70/19965a6/9a915a.csv;S,Y,O,U,K,A,C
./3c224e4/78fb9ab/6b386d5/21e720e/100cefa/ceb6b70/19965a6/5e6c36.csv;T,W,G
./3c224e4/78fb9ab/6b386d5/21e720e/100cefa/ceb6b70/19965a6/da3f27.csv;G,J,V,Q
./3c224e4/78fb9ab/6b386d5/21e720e/100cefa/ceb6b70/19965a6/3fd073.csv;O,U,R,M
./69ab35b/8b11538/5d87f7.csv;Y,P,Q,N,J
./69ab35b/8b11538/87fe03.csv;X,P,A,Z,C,Q,F,I
./69ab35b/8b11538/97ed5d.csv;X,S,P,E,A,G,X,N,J
./69ab35b/8b11538/8a5ede.csv;N,O,R,K,Z,Q,M,U
./7259ba2/d0374f8/0c277a5/6815bc.csv;C,Q,C,Z,O
./7259ba2/d0374f8/0c277a5/f4bcc2.csv;N,K
./7259ba2/d0374f8/0c277a5/6eb74f.csv;X,S,E,P,A,X,S,P,D
./7259ba2/d0374f8/0c277a5/cb8876.csv;P,Q,N,J,Y,R,C,T,K
./7259ba2/d0374f8/0c277a5/e5c05b.csv;C,Q,L,R,T
./7259ba2/d0374f8/0c277a5/24c8b5.csv;X,Q,A,J,K,X,W,A
./7259ba2/d0374f8/0c277a5/8ae4d3.csv;J,L,W,S,P
./7259ba2/d0374f8/0c277a5/a9a177.csv;H,J,D,W
./7259ba2/d0374f8/0c277a5/ecaee4.csv;X,E,A,P,S
./7259ba2/d0374f8/0c277a5/d6a6f1.csv;W,H,D,F,W,J,B
./7259ba2/d0374f8/0c277a5/16d46c.csv;J,G
./7259ba2/d0374f8/0c277a5/561eab.csv;D,I
./7259ba2/d0374f8/0c277a5/66e7f2.csv;Q,C,Y,G,Q
./e7c3b60/f4ca5d8/87ade73/77afb53/1d4afc.csv;E,C,I,I,J,C
./e7c3b60/f4ca5d8/87ade73/77afb53/a71702.csv;U,O,M,R
./d313ed4/92905b4/bc32a50/2e61916/155fa39/905b355/4c5b21d/565c7b9/b9f9a2.csv;N,Y,M,A,L,X,B,G
./d313ed4/92905b4/bc32a50/2e61916/155fa39/905b355/4c5b21d/565c7b9/8e006c.csv;I,A,S,D
./07274d3/e05872c/9c3bbd1/8b6efc9/9001873/911a6f7/78e3c65/132c69d/88e9f7.csv;C,G
./07274d3/e05872c/9c3bbd1/8b6efc9/9001873/911a6f7/78e3c65/132c69d/dc412e.csv;J,X,A,Q,W,J,M
./07274d3/e05872c/9c3bbd1/8b6efc9/9001873/911a6f7/78e3c65/132c69d/36f2a1.csv;J,W,H,D
./07274d3/e05872c/9c3bbd1/8b6efc9/9001873/911a6f7/78e3c65/132c69d/568034.csv;S,J,O,E,Y,U
./07274d3/e05872c/9c3bbd1/8b6efc9/9001873/911a6f7/78e3c65/132c69d/2fa044.csv;K,N,A,F,E,S
./07274d3/e05872c/9c3bbd1/8b6efc9/9001873/911a6f7/78e3c65/132c69d/98b5fb.csv;G,C,E,B,K
./07274d3/e05872c/9c3bbd1/8b6efc9/9001873/911a6f7/78e3c65/132c69d/21c4e2.csv;C,G
./07274d3/e05872c/9c3bbd1/8b6efc9/9001873/911a6f7/78e3c65/132c69d/5dba8b.csv;Q,C,K,L,B
./07274d3/e05872c/9c3bbd1/8b6efc9/9001873/911a6f7/78e3c65/132c69d/955aca.csv;Q,C
./07274d3/e05872c/9c3bbd1/8b6efc9/9001873/911a6f7/78e3c65/132c69d/16a492.csv;
./07274d3/e05872c/9c3bbd1/8b6efc9/9001873/911a6f7/78e3c65/132c69d/f2dfcb.csv;F,W,L,J,A,S,Z,J,P
./71e4017/23d47aa/751bed5/0bea041/d7544f2/d38b94f/9656eed/c19b3f6/e67392.csv;O,Y,S,U
./71e4017/23d47aa/751bed5/0bea041/d7544f2/d38b94f/9656eed/c19b3f6/16d668.csv;E,C,I,V,Q,T
./2cc02c4/01b68e1/b69269f/f32a9a6/a0e25c8/9be2805/0d9b0d.csv;D,W,L,Y,H
./4f1f38f/f8ba159/8f6d40c/7230aa1/8dc32ae/df3b88e/84ba3b8/a20425.csv;N,J,Z,Q,C,Y,P,W
./4f1f38f/f8ba159/8f6d40c/7230aa1/8dc32ae/df3b88e/84ba3b8/a0ae28.csv;D,I
./4f1f38f/f8ba159/8f6d40c/7230aa1/8dc32ae/df3b88e/84ba3b8/22ae35.csv;M,N,A,L,Y,Q,R,B,V
./4f1f38f/f8ba159/8f6d40c/7230aa1/8dc32ae/df3b88e/84ba3b8/a6edf6.csv;G,T,W
./4f1f38f/f8ba159/8f6d40c/7230aa1/8dc32ae/df3b88e/84ba3b8/5d1ff7.csv;J,L,W,S,P
./4f1f38f/f8ba159/8f6d40c/7230aa1/8dc32ae/df3b88e/84ba3b8/d991cd.csv;X,Z,I,Q,C,Q,S,X,O
./4f1f38f/f8ba159/8f6d40c/7230aa1/8dc32ae/df3b88e/84ba3b8/fcba9b.csv;N,K
./a5e8a41/4bfe2a5/a0a6f7d/1195057/c0ee2d2/85f289.csv;T,G,W
./a5e8a41/4bfe2a5/a0a6f7d/1195057/c0ee2d2/b4f4ad.csv;W,H,D,L,Y,B,J
./a5e8a41/4bfe2a5/a0a6f7d/1195057/c0ee2d2/27c6a2.csv;G,W,T,W,L,Z,A
./a5e8a41/4bfe2a5/a0a6f7d/1195057/c0ee2d2/5cf76f.csv;A,Y,X,K,Q,A,P,J
./a5e8a41/4bfe2a5/a0a6f7d/1195057/c0ee2d2/6fe879.csv;X,S,P,E,A,B,Y,H
./a5e8a41/4bfe2a5/a0a6f7d/1195057/c0ee2d2/b1d424.csv;Q,J,X,A,V,H,B
./0ccfda7/adfbf56/166f22.csv;X,C,Z,Q,I,U,M
./0ccfda7/adfbf56/ea26bd.csv;Y,I,G,C,H,X,Z,Q,M
./0ccfda7/adfbf56/74c556.csv;E,I,C
./0ccfda7/adfbf56/3ffd5b.csv;H,Y,D,L,W
./2286555/aab80e0/aefbddf/bbd3b13/53c0bbc/e424c48/db9076a/185522c/14e232.csv;I,C,E
./2286555/aab80e0/aefbddf/bbd3b13/53c0bbc/e424c48/db9076a/185522c/1bde74.csv;U,M,R,O
./2286555/aab80e0/aefbddf/bbd3b13/53c0bbc/e424c48/db9076a/185522c/72b3a5.csv;G,J
./71d4b99/0171d4.csv;O,S,Y,U
./71d4b99/0b70b4.csv;X,O,J,G,R,D
./71d4b99/4836bf.csv;A,L,N,Y,M,Z,Y
./71d4b99/6e6c42.csv;Y,S,O,U
./ddcf365/91b0d3f/fcc70e1/36ad44.csv;Q,Z,X,C,I,K,Z
./b18f31c/2d132ef/6ca4493/e83217.csv;A,X,P,S,E
./b18f31c/2d132ef/6ca4493/db5ce2.csv;N,K
./b18f31c/2d132ef/6ca4493/a01059.csv;N,Y,M,A,L
./b18f31c/2d132ef/6ca4493/ea5c65.csv;U,O,R,O,Y,M
./b18f31c/2d132ef/6ca4493/2853df.csv;U,M,R,O
./b18f31c/2d132ef/6ca4493/5b08b8.csv;P,J,W,L,S,M,O,P
./b18f31c/2d132ef/6ca4493/35bfb5.csv;I,D
./b18f31c/2d132ef/6ca4493/eac099.csv;F,G,Y,T,C,Z,K,T,J
./b18f31c/2d132ef/6ca4493/f7df42.csv;S,Y,A,O,Q,U
./773718c/67a589.csv;X,S,P,E,A,R,A
./773718c/f1af7f.csv;N,P,O,G,I,Y
./773718c/25d600.csv;P,J,W,L,S
./773718c/35ce23.csv;N,M,L,A,Y
./773718c/83bd02.csv;P,N
./773718c/76e6c1.csv;Y,P,J,Q,N
./773718c/96f847.csv;N,P
./773718c/20974b.csv;P,N
./773718c/78faef.csv;P,Q,N,J,Y,N,X,S,G
./773718c/bd1f1f.csv;I,E,C
./773718c/a9e73b.csv;E,C,I,Y,F,D
./773718c/44048c.csv;Z,X,I,Q,C,U,C
./773718c/f9861a.csv;T,Q,K,E,C,N
./773718c/789e32.csv;N,G,E,P,S
./773718c/96cf3d.csv;Q,J,A,X,E,Q
./773718c/c73227.csv;J,V,U,G,C
./773718c/f8b3b4.csv;C,Q,P,T
./773718c/8d494f.csv;P,C,N,P,U
./773718c/b90411.csv;D,I
./0c223db/69743a.csv;S,Y,U,O,P,A,Y,D
./0c223db/d4adb4.csv;M,U,O,R,S,A
./0c223db/a8114d.csv;M,N,A,L,Y,D,F,V,X
./0c223db/2708b8.csv;G,U,O,T,M,K,R
./92c3f85/ad1b0fd/cdfc4a2/e87184f/4350be7/4ff91bd/29ff76b/c505863/14d963.csv;Y,S,O,U,B,Z
./92c3f85/ad1b0fd/cdfc4a2/e87184f/4350be7/4ff91bd/29ff76b/c505863/53e5d0.csv;
./92c3f85/ad1b0fd/cdfc4a2/e87184f/4350be7/4ff91bd/29ff76b/c505863/dc6c14.csv;I,D
./92c3f85/ad1b0fd/cdfc4a2/e87184f/4350be7/4ff91bd/29ff76b/c505863/8c3e2b.csv;I,D
./da2a06d/ef10cb2/bb74b04/2792dbe/60c7fd3/c539d7.csv;T,G,Y,C,F
./da2a06d/ef10cb2/bb74b04/2792dbe/60c7fd3/66df47.csv;G,T,W
./da2a06d/ef10cb2/bb74b04/2792dbe/60c7fd3/9d8823.csv;M,R,O,U
./da2a06d/ef10cb2/bb74b04/2792dbe/60c7fd3/93098e.csv;W,G,T,T,E,I
./da2a06d/ef10cb2/bb74b04/2792dbe/60c7fd3/98deea.csv;T,Y,G,F,C
./da2a06d/ef10cb2/bb74b04/2792dbe/60c7fd3/58b6d4.csv;I,X,Q,Z,C,N,B,Z,J
./b43a95c/25164e7/f4ae0a5/a71d8b3/b62490f/a08ae39/ed705e8/781fa01/ee36a4.csv;E,I,C
./b43a95c/25164e7/f4ae0a5/a71d8b3/b62490f/a08ae39/ed705e8/781fa01/9549b9.csv;J,L,P,W,S
./b43a95c/25164e7/f4ae0a5/a71d8b3/b62490f/a08ae39/ed705e8/781fa01/e73672.csv;Y,P,J,Q,N
./b43a95c/25164e7/f4ae0a5/a71d8b3/b62490f/a08ae39/ed705e8/781fa01/564ec0.csv;C,E,N,K
./b43a95c/25164e7/f4ae0a5/a71d8b3/b62490f/a08ae39/ed705e8/781fa01/31a542.csv;U,S,O,Y
./b43a95c/25164e7/f4ae0a5/a71d8b3/b62490f/a08ae39/ed705e8/781fa01/abc963.csv;X,Z,I,Q,C
./b43a95c/25164e7/f4ae0a5/a71d8b3/b62490f/a08ae39/ed705e8/781fa01/33e350.csv;D,I,E,U,X,A
./4e8c7b1/cf7de36/ce28374/2dca579/b190dc0/89d3a31/82adfad/7e82d7f/2f8737.csv;E,S,P,A,X,L,D,X
./4e8c7b1/cf7de36/ce28374/2dca579/b190dc0/89d3a31/82adfad/7e82d7f/789d02.csv;P,J,W,H,C,F,S,W,L
./4e8c7b1/cf7de36/ce28374/2dca579/b190dc0/89d3a31/82adfad/7e82d7f/cff373.csv;L,D,H,W,Y
./4e8c7b1/cf7de36/ce28374/2dca579/b190dc0/89d3a31/82adfad/7e82d7f/29d725.csv;L,M,N,Y,A,S,F,H
./4e8c7b1/cf7de36/ce28374/2dca579/b190dc0/89d3a31/82adfad/7e82d7f/47648d.csv;X,S,P,E,A
./333cb01/47f7060/5bfaa4a/54e977e/d47196.csv;M,U,O,R
./333cb01/47f7060/5bfaa4a/54e977e/9d0efa.csv;Q,Z,X,C,I
./333cb01/47f7060/5bfaa4a/54e977e/af7c31.csv;G,F,Y,T,C,D,T,F,Y
./333cb01/47f7060/5bfaa4a/54e977e/4cdce8.csv;F,H,I,E,I,C
./333cb01/47f7060/5bfaa4a/54e977e/414c47.csv;
./877df2e/d08ac2b/2df9c08/6fddfe3/53732f.csv;C,F,Y,G,T
./877df2e/d08ac2b/2df9c08/6fddfe3/f5a9f6.csv;X,Q,I,C,Z,A,T,U
./877df2e/d08ac2b/2df9c08/6fddfe3/60783f.csv;Z,F,C,G,T,O,Y
./d6db30a/0f04cd.csv;Q,C
./d6db30a/819914.csv;G,J
./d6db30a/cb3da7.csv;H,L,C,L,S,E
./d6db30a/f8f0df.csv;H,L,T,R,Y,P
./d6db30a/6e84b7.csv;M,H,D,W,B,J,H
./d6db30a/0fae3d.csv;W,J,H,D
./d6db30a/09743e.csv;A,X,S,P,E
./d6db30a/8e20cc.csv;A,N,M,Y,L
./d6db30a/b0118e.csv;W,J,H,D
./d6db30a/0a122b.csv;C,Q
./d6db30a/28ae99.csv;H,W,J,D,I,Z,W,V
./d6db30a/e2fa48.csv;U,O,Y,S
./d6db30a/2f84b5.csv;W,D,J,H
./d6db30a/9c5ded.csv;I,E,C,K,X
./d6db30a/bc295f.csv;T,G,Y,C,F
./698f10a/b80adfc/aa5f572/02f06af/246b8e.csv;L,W,H,Y,D
./698f10a/b80adfc/aa5f572/02f06af/f138de.csv;N,M,Y,A,L
./698f10a/b80adfc/aa5f572/02f06af/ccd3d1.csv;L,M,N,Y,A
./e87ab80/f1e18c7/d89448f/f87ede8/1919a7e/c48335.csv;Q,I,Z,C,X
./e87ab80/f1e18c7/d89448f/f87ede8/1919a7e/4e0f58.csv;C,Y,T,F,G
./e87ab80/f1e18c7/d89448f/f87ede8/1919a7e/7db4b7.csv;Y,P,N,Q,J,K,Z,B
./e87ab80/f1e18c7/d89448f/f87ede8/1919a7e/ce6e96.csv;I,D,N,X
./e87ab80/f1e18c7/d89448f/f87ede8/1919a7e/fbdcc1.csv;K,N,M,B,V,R
./e87ab80/f1e18c7/d89448f/f87ede8/1919a7e/6c1625.csv;S,L,W,J,P
./e87ab80/f1e18c7/d89448f/f87ede8/1919a7e/9427c2.csv;Y,Q,P,N,J
./e87ab80/f1e18c7/d89448f/f87ede8/1919a7e/70f9ad.csv;A,J,Q,X
./e87ab80/f1e18c7/d89448f/f87ede8/1919a7e/f4e8cc.csv;N,M,M,A,P,Y,L
./45f8e89/02955b4/5e8386.csv;L,Y,W,D,H
./45f8e89/02955b4/3d743a.csv;U,M,O,R
./532133c/4396c5.csv;U,M,R,O
./532133c/1e279e.csv;F,X,Z,C,I,W,Q
./532133c/926a9d.csv;J,H,U,W,N,D
./532133c/fbb693.csv;P,N
./532133c/080578.csv;D,H,W,J
./532133c/915f13.csv;Y,U,O,S
./532133c/8dd69f.csv;N,P
./532133c/8c2be5.csv;W,J,D,H,J,U
./532133c/19a190.csv;X,J,M,D,N,W,H,D
./532133c/548bb3.csv;P,U,N,Y
./532133c/da2210.csv;P,N
./532133c/145b17.csv;H,L,C,H,B,K
./3c3bfc7/23deea8/35f42e6/5435d6d/febef3.csv;P,N,K,V,I
./3c3bfc7/23deea8/35f42e6/5435d6d/792dc5.csv;B,T,Z,P,N,E
./3c3bfc7/23deea8/35f42e6/5435d6d/f586db.csv;P,N
./3c3bfc7/23deea8/35f42e6/5435d6d/74db87.csv;G,Y,C,L,C,T,F,J
./3c3bfc7/23deea8/35f42e6/5435d6d/b363f6.csv;P,W,N,O
./3c3bfc7/23deea8/35f42e6/5435d6d/cd4548.csv;O,Y,U,S,Z,E
./3c3bfc7/23deea8/35f42e6/5435d6d/ba531f.csv;N,P,X,O
./3c3bfc7/23deea8/35f42e6/5435d6d/a28d68.csv;P,N,W,M,G,C
./3c3bfc7/23deea8/35f42e6/5435d6d/ba0d63.csv;N,P
./da6f428/9ac7ed4/7f44e5a/dcb2a58/f4c5410/de9fbb.csv;X,C,Q,Z,I,G,K
./da6f428/9ac7ed4/7f44e5a/dcb2a58/f4c5410/4c59f0.csv;I,X,Z,C,Q
./da6f428/9ac7ed4/7f44e5a/dcb2a58/f4c5410/8259fd.csv;G,J
./d4266e5/e49dffd/34826b6/0980af.csv;O,U,R,M
./d4266e5/e49dffd/34826b6/611c98.csv;F,Y,X,G,T,L,C,Q,U
./88e417f/0aa85c6/c27c147/4ce26f3/f1865a.csv;W,T,G
./88e417f/0aa85c6/c27c147/4ce26f3/52b99e.csv;I,C,E
./88e417f/0aa85c6/c27c147/4ce26f3/536e76.csv;J,G
./88e417f/0aa85c6/c27c147/4ce26f3/b3aabc.csv;X,P,S,A,E
./88e417f/0aa85c6/c27c147/4ce26f3/f2aa15.csv;L,Y,M,A,N,A,V,J
./88e417f/0aa85c6/c27c147/4ce26f3/611f34.csv;J,G,I,S
./88e417f/0aa85c6/c27c147/4ce26f3/f29980.csv;Q,I,X,C,Z
./88e417f/0aa85c6/c27c147/4ce26f3/9c613d.csv;Y,P,N,Q,J
./b6afae1/853a82.csv;C,T,G,F,Y
./b6afae1/375e73.csv;G,T,W
./b6afae1/8207b3.csv;X,J,A,Q
./b6afae1/a5f39d.csv;S,A,O,S,X,D,E,P,J
./b6afae1/42b232.csv;I,E,C
./b6afae1/42bb88.csv;C,Q,I,Z,X,G,S,X
./10a10a4/aafd596/1abc7d0/86678d9/b5cef6c/bb5a12c/c06f8c.csv;S,E,P,A,X
./10a10a4/aafd596/1abc7d0/86678d9/b5cef6c/bb5a12c/0f9ebe.csv;C,G,T,F,Y
./10a10a4/aafd596/1abc7d0/86678d9/b5cef6c/bb5a12c/b100d6.csv;U,R,O,M,G,I,L,A
./10a10a4/aafd596/1abc7d0/86678d9/b5cef6c/bb5a12c/0fe664.csv;Y,F,T,C,G,C,D,Z
./99fa403/b998582/9acd29.csv;Q,W,Y,G,T,Z
./99fa403/b998582/603d06.csv;C,E,I,T,W,X,U
./99fa403/b998582/d62e61.csv;W,S,P,J,L
./99fa403/b998582/b7460d.csv;T,F,F,C,Y,G,E,V
./99fa403/b998582/783482.csv;N,Q,A,S,F,P,S,E,X
./99fa403/b998582/324cf0.csv;W,S,U,O,S,V,Y,P
./99fa403/b998582/7b8794.csv;T,W,G
./fe469d0/1a2bd18/0ea60b1/46b5060/6ff776c/58168f9/59f703.csv;G,J
./fe469d0/1a2bd18/0ea60b1/46b5060/6ff776c/58168f9/8e1610.csv;X,Z,I,Q,C,K,T,A,Q
./fe469d0/1a2bd18/0ea60b1/46b5060/6ff776c/58168f9/661e57.csv;R,M,O,U
./0a47591/0654577/9a82c8.csv;W,S,H,W,J,D
./0a47591/0654577/58a2cf.csv;C,E,I,U,E
./0a47591/0654577/03d07c.csv;W,L,P,J,S
./0a47591/0654577/85fa35.csv;G,C,J,L,G
./0a47591/0654577/66ca64.csv;C,I,E
./0a47591/0654577/78a590.csv;Q,C
./0a47591/0654577/6ce00e.csv;N,C,W,D,V,G,T
./0a47591/0654577/08e7e3.csv;S,O,U,Y
./d9ec839/b0121e1/b0ad6ae/0f668bc/3edc240/5fde1e3/658974c/27a1e4.csv;M,Y,N,A,L
./2dd91ee/aa78d1c/caccbe2/4d81a19/b2d3be8/b56ab6f/29e2cfb/84fa49.csv;S,Y,D,U,O,T,O,P
./2dd91ee/aa78d1c/caccbe2/4d81a19/b2d3be8/b56ab6f/29e2cfb/dcbaf6.csv;Z,X,I,Q,C
./2dd91ee/aa78d1c/caccbe2/4d81a19/b2d3be8/b56ab6f/29e2cfb/5d7cf9.csv;Y,P,J,Q,N
./2dd91ee/aa78d1c/caccbe2/4d81a19/b2d3be8/b56ab6f/29e2cfb/10253e.csv;A,S,P,X,E,E,W,X,S
./d309be8/b0d4c1.csv;G,J
./d309be8/bb23f7.csv;Z,Q,C,I,X
./d309be8/b9599e.csv;J,G
./517341a/888a439/5b81b99/688b753/c902607/c674c89/dc8acf.csv;Y,W,L,D,H
./517341a/888a439/5b81b99/688b753/c902607/c674c89/9ef951.csv;M,Y,A,L,N
./c3f4094/2c90cd3/663f3d5/e1a969c/dcab37.csv;K,N
./c3f4094/2c90cd3/663f3d5/e1a969c/695881.csv;N,R,J,Y,P,Q,E
./c3f4094/2c90cd3/663f3d5/e1a969c/459927.csv;W,A,G,T,B
./c3f4094/2c90cd3/663f3d5/e1a969c/6f904b.csv;E,S,P,A,X
./c3f4094/2c90cd3/663f3d5/e1a969c/e71fcd.csv;N,Y,M,A,L
./0f1b735/450b935/5fc6ad6/a80c94b/f18f4ca/d7c9f40/483acb3/ce730ea/256c4e.csv;P,N,J,Q,Y,Z,W,C
./0f1b735/450b935/5fc6ad6/a80c94b/f18f4ca/d7c9f40/483acb3/ce730ea/c0403f.csv;G,C
./0f1b735/450b935/5fc6ad6/a80c94b/f18f4ca/d7c9f40/483acb3/ce730ea/100d27.csv;
./0f1b735/450b935/5fc6ad6/a80c94b/f18f4ca/d7c9f40/483acb3/ce730ea/739a8a.csv;W,H,D,J
./0f1b735/450b935/5fc6ad6/a80c94b/f18f4ca/d7c9f40/483acb3/ce730ea/87c4f1.csv;G,T,W
./0f1b735/450b935/5fc6ad6/a80c94b/f18f4ca/d7c9f40/483acb3/ce730ea/e79c3f.csv;L,W,Y,H,D,T,L,M
./0f1b735/450b935/5fc6ad6/a80c94b/f18f4ca/d7c9f40/483acb3/ce730ea/e9a148.csv;L,H,Y,C,S
./0f1b735/450b935/5fc6ad6/a80c94b/f18f4ca/d7c9f40/483acb3/ce730ea/81044f.csv;N,D,B,H,W,L,J
./0f1b735/450b935/5fc6ad6/a80c94b/f18f4ca/d7c9f40/483acb3/ce730ea/9bea46.csv;L,H
./0f1b735/450b935/5fc6ad6/a80c94b/f18f4ca/d7c9f40/483acb3/ce730ea/411e91.csv;C,I,E
./0f1b735/450b935/5fc6ad6/a80c94b/f18f4ca/d7c9f40/483acb3/ce730ea/373a04.csv;G,C
./0f1b735/450b935/5fc6ad6/a80c94b/f18f4ca/d7c9f40/483acb3/ce730ea/4b9fd0.csv;Z,X,I,Q,C
./ed7f9c5/67ee0bb/5708058/1c58a4.csv;K,C,G,T,Y,W,Y,T,F
./ed7f9c5/67ee0bb/5708058/62db90.csv;G,J
./1998bd1/b1fba5.csv;S,Y,U,O
./1998bd1/8f7b8c.csv;N,L,P,X,M,A,Y
./1998bd1/22df5d.csv;G,J
./1998bd1/44d0d6.csv;J,G,U,K,O
./91fd477/364b56c/273edc2/1496b1.csv;I,D,Q,T,G,P
./91fd477/364b56c/273edc2/0118bd.csv;I,E,C
./3dba404/8f6c5ed/41c03f.csv;J,A,Q,X
./3dba404/8f6c5ed/07100f.csv;X,W,C,Q,Y
./3dba404/8f6c5ed/4b9e15.csv;X,P,A,S,E
./3dba404/8f6c5ed/07572a.csv;K,N
./3dba404/8f6c5ed/82300f.csv;L,P,D,H
./3dba404/8f6c5ed/8ec1d7.csv;C,Q,D,K,T
./3dba404/8f6c5ed/9e8e1d.csv;A,Q,X,J
./3dba404/8f6c5ed/777e88.csv;C,Q
./3dba404/8f6c5ed/7f3009.csv;J,R,L,T,S,W,P
./3dba404/8f6c5ed/564e4c.csv;P,N,J,Q,Y,X,K,Q,D
./3dba404/8f6c5ed/8c7193.csv;U,S,O,E,V,P,X,A
./3dba404/8f6c5ed/c965e6.csv;A,W,G,U,T
./3dba404/8f6c5ed/e39e8e.csv;Q,C,H,I,L
./3dba404/8f6c5ed/6e0c0b.csv;I,Q,X,C,Z
./2fd3539/ccb770c/afdf560/1681289/fcf5e5d/dbf3d04/2e65fa3/806ecd.csv;T,W,G
./2fd3539/ccb770c/afdf560/1681289/fcf5e5d/dbf3d04/2e65fa3/5d40c0.csv;T,X,Z,C,W,N,I,C,Q
./2fd3539/ccb770c/afdf560/1681289/fcf5e5d/dbf3d04/2e65fa3/81c1c0.csv;U,Y,S,J,Q,S,Y,O
./2fd3539/ccb770c/afdf560/1681289/fcf5e5d/dbf3d04/2e65fa3/9ab2df.csv;L,D,H,W,Y,G,N,B
./2fd3539/ccb770c/afdf560/1681289/fcf5e5d/dbf3d04/2e65fa3/984e1f.csv;A,P,E,X,S
./2fd3539/ccb770c/afdf560/1681289/fcf5e5d/dbf3d04/2e65fa3/7406e4.csv;W,L,S,P,J,Q,L
./2fd3539/ccb770c/afdf560/1681289/fcf5e5d/dbf3d04/2e65fa3/346768.csv;P,Z,T,X,S,S,E,A
./46edb29/0ad1b1d/9fd1b33/c72f1b3/9582d1.csv;P,S,X,E,A
./46edb29/0ad1b1d/9fd1b33/c72f1b3/2d6838.csv;H,Y,W,L,D
./46edb29/0ad1b1d/9fd1b33/c72f1b3/4ea685.csv;J,L,S,P,W,H,E,J,K
./46edb29/0ad1b1d/9fd1b33/c72f1b3/56b44a.csv;G,J
./46edb29/0ad1b1d/9fd1b33/c72f1b3/9c94c2.csv;Q,I,C,R,X,Z,Q
./46edb29/0ad1b1d/9fd1b33/c72f1b3/44ba1a.csv;G,J
./c989176/98e60d.csv;Y,M,A,L,N
./c989176/69ee02.csv;J,Q,G,S,K
./b761a42/fb3113a/cfdc652/775b02.csv;W,D,Y,L,H,G,A,C,E
./b761a42/fb3113a/cfdc652/b999b7.csv;S,Y,O,U
./2b2b203/00911e1/152a9bd/036f70d/c04a8f4/3efead1/9592f31/623220c/820315.csv;Y,T,C,G,G,F,B
./2b2b203/00911e1/152a9bd/036f70d/c04a8f4/3efead1/9592f31/623220c/e9a415.csv;A,Y,T,M,N,L,G
./b5a3ee2/dc81070/2935481/dc3779e/dc59187/2c8ad01/7676838/437efb0/90a8cb.csv;C,A,M,Y,L,T,N,O,E
./b5a3ee2/dc81070/2935481/dc3779e/dc59187/2c8ad01/7676838/437efb0/e6c14f.csv;C,M,N,K,G,R,O,U
./b5a3ee2/dc81070/2935481/dc3779e/dc59187/2c8ad01/7676838/437efb0/7a091e.csv;Y,U,F,S,C,O
./b5a3ee2/dc81070/2935481/dc3779e/dc59187/2c8ad01/7676838/437efb0/6534de.csv;Q,I,Y,S,X,E,Z,C,R
./b5a3ee2/dc81070/2935481/dc3779e/dc59187/2c8ad01/7676838/437efb0/97f1d3.csv;S,Y,U,O,L,Q,M,F
./b5a3ee2/dc81070/2935481/dc3779e/dc59187/2c8ad01/7676838/437efb0/cddee6.csv;A,N,L,Y,M
./5634a57/5e8c250/1e2e163/a6eb2e9/ac10816/08f935c/ba6275d/c3110e.csv;D,W,L,Y,H,B,Y
./5634a57/5e8c250/1e2e163/a6eb2e9/ac10816/08f935c/ba6275d/937dfc.csv;A,Z,X,E,N,P,S,X,Y
./5634a57/5e8c250/1e2e163/a6eb2e9/ac10816/08f935c/ba6275d/a99c2b.csv;E,O,D,L,Q,I
./5634a57/5e8c250/1e2e163/a6eb2e9/ac10816/08f935c/ba6275d/8a5b16.csv;G,J,J,N,Y
./5634a57/5e8c250/1e2e163/a6eb2e9/ac10816/08f935c/ba6275d/5b716b.csv;G,W,T
./5634a57/5e8c250/1e2e163/a6eb2e9/ac10816/08f935c/ba6275d/a04390.csv;L,Y,A,N,M
./1a4719f/c575a98/3035858/4b9541a/dd99ed2/f053ba.csv;Y,O,J,S,Y,U
./565b87c/1aeebe6/e92aa59/5fc03be/8d5f5ca/327a67.csv;G,J
./8315216/e20b1d2/b7ef416/8696968/a004d0.csv;E,C,I,M,J,D,P
./8315216/e20b1d2/b7ef416/8696968/07e3a5.csv;A,G,P,A,S,E,X,U
./8315216/e20b1d2/b7ef416/8696968/de43f5.csv;S,J,W,R,D,L,P
./8315216/e20b1d2/b7ef416/8696968/5971a2.csv;K,N,V,H
./8315216/e20b1d2/b7ef416/8696968/72fd0c.csv;K,N
./8315216/e20b1d2/b7ef416/8696968/3a7be9.csv;Q,T,W,U,G,L
./8315216/e20b1d2/b7ef416/8696968/8ce38d.csv;U,M,R,O,X,E,I
./a7d5e58/602a7d3/90f8229/c41c3b2/d072ddb/a2dd7e1/3b29b9f/3c73f2.csv;Q,I,Z,X,C,H,V
./a7d5e58/602a7d3/90f8229/c41c3b2/d072ddb/a2dd7e1/3b29b9f/ebb11b.csv;T,Y,G,F,C
./3c6fc3e/8bd027e/918067d/5653bed/0f419fd/00c9ae.csv;M,A,L,Y,N
./3c6fc3e/8bd027e/918067d/5653bed/0f419fd/952a34.csv;
./e36df7e/6873e83/2d74f18/fc994d.csv;Y,D,J,L,N,P,J,R,Q
./e36df7e/6873e83/2d74f18/89cf1b.csv;C,I,Q,Z,X
./e36df7e/6873e83/2d74f18/b36fad.csv;Y,D,L,H,W
./e36df7e/6873e83/2d74f18/995e05.csv;T,G,W,P,I,U,H
./e36df7e/6873e83/2d74f18/14f38f.csv;C,X,G,Z,Q,K,I
./e36df7e/6873e83/2d74f18/788914.csv;U,M,R,O
./e36df7e/6873e83/2d74f18/a78dd9.csv;I,L,Q,H
./e36df7e/6873e83/2d74f18/19e09d.csv;H,L
./e36df7e/6873e83/2d74f18/428073.csv;L,H,C,F,E
./e36df7e/6873e83/2d74f18/f63768.csv;T,Z,G,F,Y,S,C,C,O
./c932584/3c4b5df/606ad5e/7814e9d/5eeba7f/90b45d0/496bcac/ce7d399/4806c7.csv;W,A,D,Z,E,X,P,R,S
./c932584/3c4b5df/606ad5e/7814e9d/5eeba7f/90b45d0/496bcac/ce7d399/238ef7.csv;Y,P,J,Q,N
./c932584/3c4b5df/606ad5e/7814e9d/5eeba7f/90b45d0/496bcac/ce7d399/8710a8.csv;W,H,D,L,Y
./c932584/3c4b5df/606ad5e/7814e9d/5eeba7f/90b45d0/496bcac/ce7d399/6d14cc.csv;G,W,T
./c932584/3c4b5df/606ad5e/7814e9d/5eeba7f/90b45d0/496bcac/ce7d399/c2cdeb.csv;L,Y,A,N,M
./c932584/3c4b5df/606ad5e/7814e9d/5eeba7f/90b45d0/496bcac/ce7d399/3bcac7.csv;I,D
./b43baad/dd5bce2/2deb8da/de9c4da/06e49ee/3d2ecf5/703faf5/b2b5e49/ff9442.csv;O,R,U,M
./b43baad/dd5bce2/2deb8da/de9c4da/06e49ee/3d2ecf5/703faf5/b2b5e49/3a0936.csv;K,N
./b43baad/dd5bce2/2deb8da/de9c4da/06e49ee/3d2ecf5/703faf5/b2b5e49/14c5df.csv;
./b43baad/dd5bce2/2deb8da/de9c4da/06e49ee/3d2ecf5/703faf5/b2b5e49/7fc152.csv;Q,B,N,C
./b43baad/dd5bce2/2deb8da/de9c4da/06e49ee/3d2ecf5/703faf5/b2b5e49/c9c31c.csv;
./b43baad/dd5bce2/2deb8da/de9c4da/06e49ee/3d2ecf5/703faf5/b2b5e49/2c201a.csv;W,T,G
./b43baad/dd5bce2/2deb8da/de9c4da/06e49ee/3d2ecf5/703faf5/b2b5e49/cfa8f0.csv;O,R,U,M,A,S,G
./b43baad/dd5bce2/2deb8da/de9c4da/06e49ee/3d2ecf5/703faf5/b2b5e49/332389.csv;P,N
./b43baad/dd5bce2/2deb8da/de9c4da/06e49ee/3d2ecf5/703faf5/b2b5e49/181a19.csv;C,Q
./b43baad/dd5bce2/2deb8da/de9c4da/06e49ee/3d2ecf5/703faf5/b2b5e49/4192ca.csv;G,C,D,C,L,Q
./b43baad/dd5bce2/2deb8da/de9c4da/06e49ee/3d2ecf5/703faf5/b2b5e49/6d0cc1.csv;P,N,L,T,G
./b43baad/dd5bce2/2deb8da/de9c4da/06e49ee/3d2ecf5/703faf5/b2b5e49/4550fd.csv;C,Q
./b43baad/dd5bce2/2deb8da/de9c4da/06e49ee/3d2ecf5/703faf5/b2b5e49/a23837.csv;P,K,M,N,S,V
./b43baad/dd5bce2/2deb8da/de9c4da/06e49ee/3d2ecf5/703faf5/b2b5e49/6870e2.csv;P,Z,N,Q,C
./0c4baea/5f9671a/4b63f30/c590854/5e5d4bb/41bdeb.csv;I,Z,H,Q,C,P,D,X
./0c4baea/5f9671a/4b63f30/c590854/5e5d4bb/108f71.csv;J,W,H,D
./0c4baea/5f9671a/4b63f30/c590854/5e5d4bb/7985b3.csv;T,G,W
./0c4baea/5f9671a/4b63f30/c590854/5e5d4bb/a4054b.csv;J,A,Q,X
./0c4baea/5f9671a/4b63f30/c590854/5e5d4bb/ff0bbf.csv;C,Q
./0c4baea/5f9671a/4b63f30/c590854/5e5d4bb/815b1f.csv;W,D,J,H
./0c4baea/5f9671a/4b63f30/c590854/5e5d4bb/fb9ad4.csv;C,E,I,P,K,X
./0c4baea/5f9671a/4b63f30/c590854/5e5d4bb/3f93f6.csv;H,D,J,W
./0c4baea/5f9671a/4b63f30/c590854/5e5d4bb/dac2db.csv;H,L
./0c4baea/5f9671a/4b63f30/c590854/5e5d4bb/2cb4ba.csv;R,H,Z,Q,C
./0c4baea/5f9671a/4b63f30/c590854/5e5d4bb/e8ef24.csv;W,D,J,H,K,I
./0c4baea/5f9671a/4b63f30/c590854/5e5d4bb/ea836d.csv;Q,C,D,B,U
./0c4baea/5f9671a/4b63f30/c590854/5e5d4bb/716c60.csv;W,D,F,D,H,J,R
./b2825d7/5ed38e0/a029732/139749b/c8a0ee4/5631c79/61998c5/265e80.csv;T,W,G
./b2825d7/5ed38e0/a029732/139749b/c8a0ee4/5631c79/61998c5/56afcb.csv;J,V,A,Q,B,X
./b2825d7/5ed38e0/a029732/139749b/c8a0ee4/5631c79/61998c5/42c2b3.csv;H,L
./b2825d7/5ed38e0/a029732/139749b/c8a0ee4/5631c79/61998c5/af007a.csv;C,E,I,B,D,E,I
./b2825d7/5ed38e0/a029732/139749b/c8a0ee4/5631c79/61998c5/0ca1f4.csv;C,Q
./b2825d7/5ed38e0/a029732/139749b/c8a0ee4/5631c79/61998c5/65fe3e.csv;P,L,W,S,J,T,G,C
./b2825d7/5ed38e0/a029732/139749b/c8a0ee4/5631c79/61998c5/73c93e.csv;S,L,W,J,P
./b2825d7/5ed38e0/a029732/139749b/c8a0ee4/5631c79/61998c5/470b79.csv;L,W,D,C,G,Q
./b2825d7/5ed38e0/a029732/139749b/c8a0ee4/5631c79/61998c5/24e513.csv;S,Y,U,O,S,Y
./b2825d7/5ed38e0/a029732/139749b/c8a0ee4/5631c79/61998c5/3cb6cc.csv;J,A,Q,X,W,P
./b2825d7/5ed38e0/a029732/139749b/c8a0ee4/5631c79/61998c5/acf591.csv;J,Y,N,P,Q
./b2825d7/5ed38e0/a029732/139749b/c8a0ee4/5631c79/61998c5/8a79c7.csv;M,Y,N,A,L
./b2825d7/5ed38e0/a029732/139749b/c8a0ee4/5631c79/61998c5/8f18bf.csv;Y,Q,P,N,J
./3c1557e/fc45ef8/707a47c/967663.csv;G,B,Q,D,C,G
./3c1557e/fc45ef8/707a47c/1db87f.csv;G,C
./3c1557e/fc45ef8/707a47c/f44fd9.csv;N,P
./3c1557e/fc45ef8/707a47c/bf381b.csv;G,C
./3c1557e/fc45ef8/707a47c/6aa90d.csv;L,H,Z,L,G,C
./3c1557e/fc45ef8/707a47c/d6eb7c.csv;D,W,H,J
./3c1557e/fc45ef8/707a47c/686c1c.csv;N,N,P,B,M
./3c1557e/fc45ef8/707a47c/df17df.csv;E,S,P,A,X
./3c1557e/fc45ef8/707a47c/5fd845.csv;G,J,R,M,K
./3c1557e/fc45ef8/707a47c/5367da.csv;W,T,G
./3c1557e/fc45ef8/707a47c/6f1748.csv;N,K
./3c1557e/fc45ef8/707a47c/71832d.csv;G,C
./3f688f1/82e7ecd/8f901e3/76c8d76/0877143/86b2460/d9111a0/3f3263b/55ba1a.csv;L,H,W,D,Y,N,V,W
./2579ab1/a85aaa1/2f6d795/63dbca3/c235e3b/5d042dd/dbfa7da/e44582.csv;C,Q,I,Z,X,M,U,K
./2579ab1/a85aaa1/2f6d795/63dbca3/c235e3b/5d042dd/dbfa7da/860508.csv;H,F,L,W,G,D,Q,V,Y
./dd8d6db/9ffef4d/2cd84bb/0c38c09/798900e/52bfff.csv;Z,E,C,Y,H,L,W,D
./dd8d6db/9ffef4d/2cd84bb/0c38c09/798900e/d3ae0d.csv;H,L
./dd8d6db/9ffef4d/2cd84bb/0c38c09/798900e/8f024b.csv;C,Q,D,M,P,O
./dd8d6db/9ffef4d/2cd84bb/0c38c09/798900e/6ee8ec.csv;D,W,Y,O,H,L,K,W,N
./dd8d6db/9ffef4d/2cd84bb/0c38c09/798900e/16ef03.csv;P,S,A,E,X,B,S,J,Q
./dd8d6db/9ffef4d/2cd84bb/0c38c09/798900e/0adb60.csv;T,W,G,D,L,E
./dd8d6db/9ffef4d/2cd84bb/0c38c09/798900e/ab2dd5.csv;C,Q,X,Q,L,J
./1db5145/d62f9f3/e554612/f82e7c.csv;H,L,W,K
./1db5145/d62f9f3/e554612/33733e.csv;W,J,H,D,Q,V
./1db5145/d62f9f3/e554612/6df058.csv;N,P
./1db5145/d62f9f3/e554612/b971e2.csv;A,X,S,E,P
./1db5145/d62f9f3/e554612/ef6e0b.csv;N,P,L,N
./1db5145/d62f9f3/e554612/e4769b.csv;P,N,A,I,N
./1db5145/d62f9f3/e554612/fc5665.csv;P,C,A,G
./1db5145/d62f9f3/e554612/882497.csv;C,G
./1db5145/d62f9f3/e554612/636328.csv;N,P,N,G
./1db5145/d62f9f3/e554612/ff634e.csv;A,M,N,M,Y,L,R
./1db5145/d62f9f3/e554612/184d35.csv;N,P
./1db5145/d62f9f3/e554612/77b11f.csv;P,N
./1db5145/d62f9f3/e554612/a6c87e.csv;P,N
./1db5145/d62f9f3/e554612/ab3fdb.csv;N,G,P,E
./1db5145/d62f9f3/e554612/7ec82d.csv;N,Q,P,Y,J
./1db5145/d62f9f3/e554612/ef098d.csv;O,U,R,M
./8bfa7bb/83a42a3/7f941db/c87bdc9/c25d05.csv;I,Q,X,C,Z
./8bfa7bb/83a42a3/7f941db/c87bdc9/bd85c2.csv;G,J,O,A,N
./8bfa7bb/83a42a3/7f941db/c87bdc9/c386aa.csv;A,S,S,E,V,X,P,H,X
./8bfa7bb/83a42a3/7f941db/c87bdc9/a5dae9.csv;S,U,S,O,T,Y
./4af80d8/5778182/489c60e/fd9b538/75385df/6a1ae5.csv;C,G,F,T,Y
./4af80d8/5778182/489c60e/fd9b538/75385df/17a1ae.csv;
./4af80d8/5778182/489c60e/fd9b538/75385df/c10a7b.csv;I,Z,C,S,Q,K,X,L
./4af80d8/5778182/489c60e/fd9b538/75385df/ab4f21.csv;F,G,C,Y,T,S,B
./d53ba99/e75890e/944c60a/6a2058.csv;D,W,L,Y,H,X,O,A,D
./d53ba99/e75890e/944c60a/ab0370.csv;I,E,C,X,V
./95ebec7/9c6f3b1/022fdb.csv;J,G
./8f804ab/3ef6e5a/56ec7a4/7301a7.csv;D,W,L,Y,H,B,T
./8f804ab/3ef6e5a/56ec7a4/85d111.csv;M,N,A,L,Y
./8f804ab/3ef6e5a/56ec7a4/d5164c.csv;Y,H,L,W,D
./8f804ab/3ef6e5a/56ec7a4/7fe810.csv;Y,M,A,L,N
./0c19818/71b1151/2af5af3/be9397b/679927.csv;I,C,E
./0c19818/71b1151/2af5af3/be9397b/dac3f5.csv;T,F,C,G,Y
./0c19818/71b1151/2af5af3/be9397b/b01b8f.csv;F,G,Y,T,C,N,O,V,H
./8704517/2a8d21b/7ca35da/b9a2db9/f8ee75.csv;F,T,Y,C,G
./8704517/2a8d21b/7ca35da/b9a2db9/f25a63.csv;E,A,X,P,S
./8704517/2a8d21b/7ca35da/b9a2db9/240a0f.csv;F,T,Y,C,G
./8704517/2a8d21b/7ca35da/b9a2db9/d608af.csv;G,J
./8704517/2a8d21b/7ca35da/b9a2db9/63ebc2.csv;V,I,H,Z,A,X,S,E,P
./b40e749/f189e47/0ad12fd/cfe1cca/cd9bc07/7b95888/8415008/fd9713.csv;G,S,O,K,C,X
./b40e749/f189e47/0ad12fd/cfe1cca/cd9bc07/7b95888/8415008/037271.csv;N,K
./b40e749/f189e47/0ad12fd/cfe1cca/cd9bc07/7b95888/8415008/d1120f.csv;S,V,L,H,W,L,J,U,P
./b40e749/f189e47/0ad12fd/cfe1cca/cd9bc07/7b95888/8415008/f7dfbd.csv;W,D,J,H
./b40e749/f189e47/0ad12fd/cfe1cca/cd9bc07/7b95888/8415008/f3eb40.csv;J,W,D,H
./b40e749/f189e47/0ad12fd/cfe1cca/cd9bc07/7b95888/8415008/178358.csv;P,S,X,A,E
./b40e749/f189e47/0ad12fd/cfe1cca/cd9bc07/7b95888/8415008/d93982.csv;A,J,X,C,Q,Z,X
./b40e749/f189e47/0ad12fd/cfe1cca/cd9bc07/7b95888/8415008/ab1b1b.csv;D,W,H,L,Y
./b40e749/f189e47/0ad12fd/cfe1cca/cd9bc07/7b95888/8415008/f69900.csv;K,O,Q,J,X,P,A
./b40e749/f189e47/0ad12fd/cfe1cca/cd9bc07/7b95888/8415008/4b9955.csv;T,F,C,G,Y
./b40e749/f189e47/0ad12fd/cfe1cca/cd9bc07/7b95888/8415008/c74482.csv;L,F,K,H
./b40e749/f189e47/0ad12fd/cfe1cca/cd9bc07/7b95888/8415008/b3ef6b.csv;T,Q,X,C,G,N,W
./b40e749/f189e47/0ad12fd/cfe1cca/cd9bc07/7b95888/8415008/36f0d8.csv;S,F,K,T,G,E,W
./b40e749/f189e47/0ad12fd/cfe1cca/cd9bc07/7b95888/8415008/1e3b4c.csv;P,Y,N,J,Q
./b40e749/f189e47/0ad12fd/cfe1cca/cd9bc07/7b95888/8415008/a9e289.csv;G,C
./b40e749/f189e47/0ad12fd/cfe1cca/cd9bc07/7b95888/8415008/9f61ba.csv;L,H
./b40e749/f189e47/0ad12fd/cfe1cca/cd9bc07/7b95888/8415008/845ff7.csv;P,L,W,S,J
./b40e749/f189e47/0ad12fd/cfe1cca/cd9bc07/7b95888/8415008/cacc2a.csv;C,G
./b40e749/f189e47/0ad12fd/cfe1cca/cd9bc07/7b95888/8415008/13d461.csv;S,W,J,L,P
./84c7f1d/d7ed423/a56c6a1/141417c/d42983d/b66e4a6/84c242.csv;E,C,I
./84c7f1d/d7ed423/a56c6a1/141417c/d42983d/b66e4a6/3d4000.csv;C,Q,I,Z,X
./3468f38/80033f5/c46470.csv;Z,U,O,O,Y,S
./3468f38/80033f5/7f859b.csv;P,L,S,W,J
./3468f38/80033f5/f288fb.csv;Y,M,A,L,N,G,F
./3468f38/80033f5/dc90f7.csv;O,R,M,U
./0d23955/6150ad4/2dc0f09/cb117de/479caa.csv;E,A,S,X,P
./0d23955/6150ad4/2dc0f09/cb117de/b88d1e.csv;P,Y,Q,J,N,R,M,B
./0d23955/6150ad4/2dc0f09/cb117de/f3b234.csv;Q,O,C,M,G,Z
./0d23955/6150ad4/2dc0f09/cb117de/862dfd.csv;B,E,J,I,D,C
./0d23955/6150ad4/2dc0f09/cb117de/9dcf70.csv;J,X,A,Q
./0d23955/6150ad4/2dc0f09/cb117de/a86a70.csv;D,H,Y,W,L
./5546d51/59926ec/35c6be7/0b0deff/8ff6acc/193880c/2d19328/8f25229/27a5ea.csv;P,A,E,S,X
./5546d51/59926ec/35c6be7/0b0deff/8ff6acc/193880c/2d19328/8f25229/7495f9.csv;H,L,B,P
./5546d51/59926ec/35c6be7/0b0deff/8ff6acc/193880c/2d19328/8f25229/4d86db.csv;T,W,Z,G,I
./5546d51/59926ec/35c6be7/0b0deff/8ff6acc/193880c/2d19328/8f25229/edd941.csv;T,G,W
./5546d51/59926ec/35c6be7/0b0deff/8ff6acc/193880c/2d19328/8f25229/e6b8db.csv;H,W,J,D
./5546d51/59926ec/35c6be7/0b0deff/8ff6acc/193880c/2d19328/8f25229/ce0ccb.csv;Y,S,U,O
./5546d51/59926ec/35c6be7/0b0deff/8ff6acc/193880c/2d19328/8f25229/11b0ae.csv;Q,C
./5546d51/59926ec/35c6be7/0b0deff/8ff6acc/193880c/2d19328/8f25229/eed198.csv;N,K
./5546d51/59926ec/35c6be7/0b0deff/8ff6acc/193880c/2d19328/8f25229/8c9b5c.csv;K,N,T,X,B
./fdc020e/094ca00/64ee438/aaab842/ca0bb03/94767e.csv;W,Y,I,N,L,D,H
./e098188/5889cc0/e0909a4/776f4f2/2ff1bd0/eaef10.csv;Y,H,A,L,W,J,D
./e098188/5889cc0/e0909a4/776f4f2/2ff1bd0/35753c.csv;J,H,C,G
./fdacc4a/84889ce/9a047fe/ff3085.csv;P,W,L,J,S
./fdacc4a/84889ce/9a047fe/170946.csv;Y,L,H,W,D,F,N,K,P
./fdacc4a/84889ce/9a047fe/4f67cb.csv;I,Z,X,C,Q,M,J,Q
./fdacc4a/84889ce/9a047fe/3fd0cd.csv;A,C,G,F,T,Y,R
./fdacc4a/84889ce/9a047fe/6bd511.csv;E,P,A,X,S
./fdacc4a/84889ce/9a047fe/559722.csv;E,I,D,G,V
./02a14e2/cd4a041/7bd7094/73fa11.csv;X,C,Q,K,D,I,Z
./02a14e2/cd4a041/7bd7094/a1ba12.csv;P,A,S,E,X
./02a14e2/cd4a041/7bd7094/717d36.csv;G,Y,F,C,T,X,Z
./02a14e2/cd4a041/7bd7094/d68d11.csv;N,M,A,Y,L,A,X,G,P
./02a14e2/cd4a041/7bd7094/ec0b44.csv;Y,N,T,M,A,V,L
./02a14e2/cd4a041/7bd7094/fdc615.csv;C,G,F,T,Y,W,P,B
./4e32bde/59d17f3/3dc1a7d/3946979/644343d/ee36b5.csv;O,U,R,M
./4e32bde/59d17f3/3dc1a7d/3946979/644343d/22fa39.csv;C,F,Y,G,T
./4e32bde/59d17f3/3dc1a7d/3946979/644343d/a85d8d.csv;D,I
./4e32bde/59d17f3/3dc1a7d/3946979/644343d/23f6a4.csv;I,E,C,Q,X
./4e32bde/59d17f3/3dc1a7d/3946979/644343d/6892f7.csv;H,D,Y,Q,W,X,L
./1ef0663/e3dc6c0/c803852/5cff169/6642387/d130d3.csv;S,O,U,Y
./1ef0663/e3dc6c0/c803852/5cff169/6642387/826ef9.csv;P,J,W,L,S,A,L,T
./1ef0663/e3dc6c0/c803852/5cff169/6642387/e75998.csv;Q,C,Z,I,X,C,F,P,U
./1ef0663/e3dc6c0/c803852/5cff169/6642387/1ae83d.csv;Q,C,Y,Z,P
./1ef0663/e3dc6c0/c803852/5cff169/6642387/0af598.csv;N,E,U,S,R,K
./1ef0663/e3dc6c0/c803852/5cff169/6642387/b6aa49.csv;I,D,P,H
./1ef0663/e3dc6c0/c803852/5cff169/6642387/fe0d4b.csv;H,L,Q,C
./1ef0663/e3dc6c0/c803852/5cff169/6642387/daea60.csv;N,K
./8d72a92/88719a9/5d01d9c/8a92ffa/44db3fb/a6d8c9a/0ba6471/76ffee6/3501b8.csv;X,A,E,P,S
./8d72a92/88719a9/5d01d9c/8a92ffa/44db3fb/a6d8c9a/0ba6471/76ffee6/55a568.csv;Y,H,T,F,A,G,N,C,W
./8d72a92/88719a9/5d01d9c/8a92ffa/44db3fb/a6d8c9a/0ba6471/76ffee6/ea5e58.csv;N,L,A,L,D,M,Y
./8d72a92/88719a9/5d01d9c/8a92ffa/44db3fb/a6d8c9a/0ba6471/76ffee6/40b9d3.csv;H,J,W,D,J,W
./8d72a92/88719a9/5d01d9c/8a92ffa/44db3fb/a6d8c9a/0ba6471/76ffee6/26929d.csv;M,O,D,I,R,U
./8d72a92/88719a9/5d01d9c/8a92ffa/44db3fb/a6d8c9a/0ba6471/76ffee6/251365.csv;G,C
./8d72a92/88719a9/5d01d9c/8a92ffa/44db3fb/a6d8c9a/0ba6471/76ffee6/831f30.csv;C,G
./8d72a92/88719a9/5d01d9c/8a92ffa/44db3fb/a6d8c9a/0ba6471/76ffee6/ba8000.csv;C,G,Y,E,K,M
./8d72a92/88719a9/5d01d9c/8a92ffa/44db3fb/a6d8c9a/0ba6471/76ffee6/87ca0b.csv;W,D,J,H,F,G
./8d72a92/88719a9/5d01d9c/8a92ffa/44db3fb/a6d8c9a/0ba6471/76ffee6/712f8e.csv;A,M,O,Y,S,Q,L,N,L
./8d72a92/88719a9/5d01d9c/8a92ffa/44db3fb/a6d8c9a/0ba6471/76ffee6/313722.csv;P,Y,Q,J,N,L,M,G,J
./8d72a92/88719a9/5d01d9c/8a92ffa/44db3fb/a6d8c9a/0ba6471/76ffee6/c824e8.csv;J,Y,P,Q,N
./ade3a64/cd72934/cac7bd0/77746ce/73881c1/a766efd/dabaa7.csv;
./795193c/1a06ec8/e4f7c5.csv;M,A,P,X,K,S,N,E
./795193c/1a06ec8/199fac.csv;G,C,F,Y,T
./795193c/1a06ec8/a155a5.csv;G,J
./795193c/1a06ec8/32be34.csv;Q,Y,N,J,P,G,N,W
./795193c/1a06ec8/64f73c.csv;C,Q,N,E,S,C
./795193c/1a06ec8/ec3ef7.csv;J,O,C,D,H,W
./795193c/1a06ec8/45d99b.csv;G,W,T
./795193c/1a06ec8/7ede8b.csv;Q,X,Z,C,I
./795193c/1a06ec8/891935.csv;H,D,J,W,S,G
./795193c/1a06ec8/c8f6e4.csv;O,M,U,R,G,A,J
./1fbad8f/125525.csv;W,D,J,H
./1fbad8f/c8414a.csv;L,H
./1fbad8f/500770.csv;K,N,M,J,D,C
./1fbad8f/06d6c7.csv;W,D,J,H
./1fbad8f/5cb11d.csv;W,J,D,H
./1fbad8f/52dc01.csv;Q,Y,N,J,P
./1fbad8f/ccd8b1.csv;T,G,W
./1fbad8f/af7dfb.csv;Q,X,J,A
./1fbad8f/6dfcff.csv;P,Q,N,J,Y,J,U
./1fbad8f/56a6a4.csv;Q,C
./1fbad8f/7f7111.csv;A,Y,V,N,L,M,N
./e032ae7/57de5d4/aee3269/6fe7571/8e80a12/34c0e0.csv;Q,I,X,C,Z,P,R
./e032ae7/57de5d4/aee3269/6fe7571/8e80a12/208edb.csv;K,R,I,C,U,M,O
./0ca5f9b/248e478/7ed579d/9eaf6d7/9568577/2465cf1/68741c.csv;L,H,V,W,D,Y,D,C,H
./0ca5f9b/248e478/7ed579d/9eaf6d7/9568577/2465cf1/e08105.csv;L,H,W,D,Y
./8d0e31c/bee8704/7fff651/d59c7e4/75690dc/bb19f32/e34abe6/bd4ff7b/9b9920.csv;H,L
./8d0e31c/bee8704/7fff651/d59c7e4/75690dc/bb19f32/e34abe6/bd4ff7b/779489.csv;Q,J,X,A,O,L,C
./8d0e31c/bee8704/7fff651/d59c7e4/75690dc/bb19f32/e34abe6/bd4ff7b/9becc2.csv;I,D
./8d0e31c/bee8704/7fff651/d59c7e4/75690dc/bb19f32/e34abe6/bd4ff7b/15c401.csv;G,C
./8d0e31c/bee8704/7fff651/d59c7e4/75690dc/bb19f32/e34abe6/bd4ff7b/e341d7.csv;K,N
./8d0e31c/bee8704/7fff651/d59c7e4/75690dc/bb19f32/e34abe6/bd4ff7b/a5754e.csv;C,R,G,G
./c789f58/47cfa1.csv;G,T,W
./c789f58/a6e779.csv;N,K,G,Z,M
./c789f58/e7d384.csv;X,U,A,J,X,N,Q
./c789f58/5586c8.csv;I,C,E
./c789f58/de48fe.csv;N,K,X,S,Y
./c789f58/6b0e78.csv;S,Y,O,U
./c789f58/34b99f.csv;S,O,U,Y
./c789f58/567043.csv;U,S,O,Y,W,B
./c789f58/dc9717.csv;K,N
./365f4d8/c57634f/ba673e5/eb85686/468ede2/8ab5d2.csv;L,H
./365f4d8/c57634f/ba673e5/eb85686/468ede2/5d2ce8.csv;H,L
./365f4d8/c57634f/ba673e5/eb85686/468ede2/5fc59a.csv;G,J,F,E
./365f4d8/c57634f/ba673e5/eb85686/468ede2/2f1488.csv;K,N
./365f4d8/c57634f/ba673e5/eb85686/468ede2/f72e8a.csv;C,Q,G,I
./365f4d8/c57634f/ba673e5/eb85686/468ede2/6d8aee.csv;J,G,Z,U,X
./365f4d8/c57634f/ba673e5/eb85686/468ede2/5bce92.csv;Y,Q,J,J,P,K,N
./f52371e/ae13302/bfe91d7/dfb9f7a/949743d/986eebc/3652d4d/189e904/eb2efc.csv;Y,P,J,Q,N,T,Y,U,Q
./f52371e/ae13302/bfe91d7/dfb9f7a/949743d/986eebc/3652d4d/189e904/5abbe3.csv;Q,N,P,Y,J,H,E,X
./f52371e/ae13302/bfe91d7/dfb9f7a/949743d/986eebc/3652d4d/189e904/6cdc6d.csv;D,H,W,J
./f52371e/ae13302/bfe91d7/dfb9f7a/949743d/986eebc/3652d4d/189e904/acb04d.csv;N,P,T,C
./f52371e/ae13302/bfe91d7/dfb9f7a/949743d/986eebc/3652d4d/189e904/168964.csv;P,N,T,H
./f52371e/ae13302/bfe91d7/dfb9f7a/949743d/986eebc/3652d4d/189e904/0d1178.csv;
./f52371e/ae13302/bfe91d7/dfb9f7a/949743d/986eebc/3652d4d/189e904/1986b3.csv;N,P
./f52371e/ae13302/bfe91d7/dfb9f7a/949743d/986eebc/3652d4d/189e904/0a5618.csv;C,G
./f52371e/ae13302/bfe91d7/dfb9f7a/949743d/986eebc/3652d4d/189e904/e7769c.csv;P,N
./f52371e/ae13302/bfe91d7/dfb9f7a/949743d/986eebc/3652d4d/189e904/75f97f.csv;C,G,T,D,U
./f52371e/ae13302/bfe91d7/dfb9f7a/949743d/986eebc/3652d4d/189e904/1b9be7.csv;N,P,J,U,H
./f52371e/ae13302/bfe91d7/dfb9f7a/949743d/986eebc/3652d4d/189e904/164d13.csv;W,D,J,H,A,J,U
./0ec7163/7a41f55/f0c7f1c/580cfc.csv;L,H
./0ec7163/7a41f55/f0c7f1c/389090.csv;K,P,I,M,J,N
./dbf5604/1ba993.csv;S,Y,U,O,O,G
./e5be327/2d65c77/b8658c.csv;P,J,N,Y,Q,S,G,M,O
./e5be327/2d65c77/409d5e.csv;G,W,T
./e5be327/2d65c77/aba6a9.csv;W,S,L,J,P
./e5be327/2d65c77/13af93.csv;C,Y,G,F,T,Q,Y
./e5be327/2d65c77/425e27.csv;H,D,L,Y,W
./e5be327/2d65c77/7a5484.csv;Z,D,I,I,Q
./d26ae9b/e095c6b/618fc5.csv;Q,C
./d26ae9b/e095c6b/afab46.csv;C,G,I,G
./d26ae9b/e095c6b/e18e4c.csv;H,C,K,P,Q,Y
./d26ae9b/e095c6b/5eadf5.csv;T,G,C,F,Y
./d26ae9b/e095c6b/072cc3.csv;E,P,S,X,A
./d26ae9b/e095c6b/36436c.csv;L,C,P,H
./d26ae9b/e095c6b/da320c.csv;G,T,W,Z,B
./d26ae9b/e095c6b/0af395.csv;W,S,J,P,L
./d26ae9b/e095c6b/edc71f.csv;H,L,X,F,M,R
./d26ae9b/e095c6b/f206e9.csv;H,L,T,V
./d26ae9b/e095c6b/207b4c.csv;G,J,G,S
./d26ae9b/e095c6b/da7ec5.csv;J,H,W,D
./d26ae9b/e095c6b/548aeb.csv;L,H
./d26ae9b/e095c6b/fa1a9f.csv;G,J
./d26ae9b/e095c6b/392ba2.csv;K,X,S,A,E,G,P
./d26ae9b/e095c6b/91f907.csv;X,A,U,I,E,F,C
./d26ae9b/e095c6b/f1fa54.csv;W,D,H,J
./00ca82f/1980e0e/18b75dd/1ca6b95/77d189.csv;G,J,M,O,J
./00ca82f/1980e0e/18b75dd/1ca6b95/90adb1.csv;O,M,Y,F,L,N,A,A,M
./3726a1b/b650ff9/89266d6/25f67bd/66e46af/26f40c4/e42ed7.csv;J,B,Z,N,G,J
./3726a1b/b650ff9/89266d6/25f67bd/66e46af/26f40c4/29df4e.csv;C,G,F,T,Y
./d46fc18/dad9e95/9c87f35/6bb4dfe/827491.csv;Q,Y,N,J,P,J,L,B
./d46fc18/dad9e95/9c87f35/6bb4dfe/21ffb0.csv;P,N,P,J
./d46fc18/dad9e95/9c87f35/6bb4dfe/2dc620.csv;G,C,S,F
./d46fc18/dad9e95/9c87f35/6bb4dfe/263294.csv;P,N
./d46fc18/dad9e95/9c87f35/6bb4dfe/20d95e.csv;Q,C
./d46fc18/dad9e95/9c87f35/6bb4dfe/a19fe3.csv;D,I
./d46fc18/dad9e95/9c87f35/6bb4dfe/f6f421.csv;Y,P,J,N,U,B
./d46fc18/dad9e95/9c87f35/6bb4dfe/98de22.csv;H,E,O,C,Q
./d46fc18/dad9e95/9c87f35/6bb4dfe/5411ab.csv;P,N
./d46fc18/dad9e95/9c87f35/6bb4dfe/e4d602.csv;C,U,A,C,G
./d46fc18/dad9e95/9c87f35/6bb4dfe/1bdd7f.csv;P,N
./d46fc18/dad9e95/9c87f35/6bb4dfe/42a4bc.csv;J,R,A,Y,X,Q,P,D
./d46fc18/dad9e95/9c87f35/6bb4dfe/eed8ec.csv;N,P
./d46fc18/dad9e95/9c87f35/6bb4dfe/8aec24.csv;W,J,H,J,Y,D
./d46fc18/dad9e95/9c87f35/6bb4dfe/f880b4.csv;N,P
./d46fc18/dad9e95/9c87f35/6bb4dfe/dd7577.csv;N,S,G,L,H
./d46fc18/dad9e95/9c87f35/6bb4dfe/db4f67.csv;I,D,J,U,Z
./8c16f83/fad2198/73b20c1/e586c0.csv;P,J,N,Q,Y,G,I,Q
./8c16f83/fad2198/73b20c1/024e51.csv;J,Y,P,Q,N
./8c16f83/fad2198/73b20c1/015a5a.csv;J,O,N,E,Y,P,Q
./8c16f83/fad2198/73b20c1/c4d9a3.csv;X,S,P,A,E,C,J,Q
./7538817/a1f905.csv;
./909a13d/7c48c61/77ed252/d3c139.csv;H,W,J,S,L,Y,F,P
./909a13d/7c48c61/77ed252/3354fa.csv;L,J,P,W,S
./909a13d/7c48c61/77ed252/f6c381.csv;H,L,J,P,E,W
./909a13d/7c48c61/77ed252/de534b.csv;U,O,R,M
./909a13d/7c48c61/77ed252/da8118.csv;K,N
./909a13d/7c48c61/77ed252/ee282d.csv;X,Q,A,J
./909a13d/7c48c61/77ed252/04510a.csv;V,K,M,N
./909a13d/7c48c61/77ed252/7194d2.csv;Q,C
./909a13d/7c48c61/77ed252/c53658.csv;N,K,D,T
./9c590c6/06d80ab/166fb44/7c270bc/7f7f92f/b2241dc/c9baf25/778e6e3/faf2ef.csv;C,E,I
./9c590c6/06d80ab/166fb44/7c270bc/7f7f92f/b2241dc/c9baf25/778e6e3/85da2c.csv;Z,C,V,I,G,X,Z,Q
./9c590c6/06d80ab/166fb44/7c270bc/7f7f92f/b2241dc/c9baf25/778e6e3/d70366.csv;Y,D,L,H,W
./393462b/133e45a/efb3c1a/4ec984.csv;P,S,W,J,L,X,P,O,A
./393462b/133e45a/efb3c1a/2db26b.csv;Z,U,D,F,O,I
./393462b/133e45a/efb3c1a/2658e1.csv;R,I,B,D
./393462b/133e45a/efb3c1a/d014a3.csv;C,Q,X,Z,I,D,C,B,J
./dee4176/514d24d/e6bc04.csv;W,H,D,L,Y,U,P,O
./dee4176/514d24d/a7ed91.csv;D,J,X,G,I,G
./d897cbf/4abdf89/5287ba.csv;E,I,C,Y,H,C
./d897cbf/4abdf89/945303.csv;O,U,R,M
./d897cbf/4abdf89/b7ac7a.csv;L,C,E,U,I,E,B
./bc7ee82/5af4326/ec568ae/1b1442.csv;W,J,D,H
./bc7ee82/5af4326/ec568ae/de1be5.csv;W,G,T,W,J
./bc7ee82/5af4326/ec568ae/7d42f4.csv;C,Q,S,J
./bc7ee82/5af4326/ec568ae/ef8a35.csv;K,N,D,I,O,B
./bc7ee82/5af4326/ec568ae/8a7dab.csv;P,S,A,E,X
./bc7ee82/5af4326/ec568ae/428f05.csv;K,N,P,F,N
./bc7ee82/5af4326/ec568ae/3d9f1d.csv;Y,P,H,V,Q,F,J,T,N
./bc7ee82/5af4326/ec568ae/4d5727.csv;W,D,J,H
./bc7ee82/5af4326/ec568ae/e1b271.csv;X,K,J,N,K
./5cd9d7b/73379cf/f9e3487/02e8a73/53d9e08/42af42.csv;L,H
./5cd9d7b/73379cf/f9e3487/02e8a73/53d9e08/38e1d3.csv;H,L,K,V,C
./5cd9d7b/73379cf/f9e3487/02e8a73/53d9e08/3455c8.csv;L,D,Y,H,W
./5cd9d7b/73379cf/f9e3487/02e8a73/53d9e08/477641.csv;T,Y,G,F,C
./5cd9d7b/73379cf/f9e3487/02e8a73/53d9e08/100a1e.csv;S,Y,O,S,U,Z
./5cd9d7b/73379cf/f9e3487/02e8a73/53d9e08/a97ca3.csv;
./fe6a670/135a12a/74eab2.csv;G,W,T,U,Y,N
./fe6a670/135a12a/600be8.csv;J,L,W,X,P,Z,S,L
./fe6a670/135a12a/9ee487.csv;A,Y,E,N,Q,L,M
./fe6a670/135a12a/cc3d0b.csv;C,E,I
./fe6a670/135a12a/6d591f.csv;C,I,Y,E,E,F,W
./f9e0fc9/5eb799a/330f787/2c43098/ac73e87/8d40c0e/ed3618.csv;W,G,T
./f9e0fc9/5eb799a/330f787/2c43098/ac73e87/8d40c0e/15283d.csv;H,C,T,L
./f9e0fc9/5eb799a/330f787/2c43098/ac73e87/8d40c0e/31fff1.csv;M,T,W,L,A,J,S,W,P
./f9e0fc9/5eb799a/330f787/2c43098/ac73e87/8d40c0e/936c35.csv;
./f9e0fc9/5eb799a/330f787/2c43098/ac73e87/8d40c0e/e09e91.csv;P,N,Q,F,K
./f9e0fc9/5eb799a/330f787/2c43098/ac73e87/8d40c0e/685278.csv;C,Q,J,S,Y,F
./f9e0fc9/5eb799a/330f787/2c43098/ac73e87/8d40c0e/0d86a1.csv;Q,Y,N,J,P
./f9e0fc9/5eb799a/330f787/2c43098/ac73e87/8d40c0e/42a46d.csv;J,L,S,P,W,U,X,K
./f9e0fc9/5eb799a/330f787/2c43098/ac73e87/8d40c0e/c6bd1b.csv;E,J,X,P,H,D,W,F
./f9e0fc9/5eb799a/330f787/2c43098/ac73e87/8d40c0e/62fb00.csv;N,P
./f9e0fc9/5eb799a/330f787/2c43098/ac73e87/8d40c0e/e40f6c.csv;K,N
./f9e0fc9/5eb799a/330f787/2c43098/ac73e87/8d40c0e/5d884d.csv;Q,C,V,Q
./f9e0fc9/5eb799a/330f787/2c43098/ac73e87/8d40c0e/fcf4cb.csv;Q,C,Z,I,X
./f9e0fc9/5eb799a/330f787/2c43098/ac73e87/8d40c0e/3b23e1.csv;Q,C
./f9e0fc9/5eb799a/330f787/2c43098/ac73e87/8d40c0e/aab4d9.csv;J,Y,P,Q,N
./f9e0fc9/5eb799a/330f787/2c43098/ac73e87/8d40c0e/9aec7d.csv;J,Y,Y,B,P,N,K,Q,H
